{
  "hash": "b5869759d7b4a1b4e2f76b42eb44ab75",
  "result": {
    "engine": "knitr",
    "markdown": "---\ntitle: \" 28. Fachtagung im Kloster Irsee\"\nsubtitle: \"A Quarto tip a day keeps the error message away\" \ndescription: \"Computer-Lab 2024\"\nauthor: \n  name: \"Emily Kratsch\"\n  affiliation: \"Friedrich-Alexander-University (FAU) Erlangen-Nuremberg\"\n  email: \"emilykratsch@aol.com\"\nformat: html\ncss: style.css\neditor: visual\ntitle-block-banner: \"./BildKloster.jpg\"\ntitle-block-banner-color: \"white\"\neditor_options: \n  chunk_output_type: inline\n---\n\n\n\n\n## Willkommen \n\n\n\nThis is a Quarto website.\n\nTo learn more about Quarto websites visit <https://quarto.org/docs/websites>.\n\n\n\n\n::: {.cell}\n\n```{.r .cell-code}\n1 + 1\n```\n\n::: {.cell-output .cell-output-stdout}\n\n```\n[1] 2\n```\n\n\n:::\n:::\n",
    "supporting": [],
    "filters": [
      "rmarkdown/pagebreak.lua"
    ],
    "includes": {},
    "engineDependencies": {},
    "preserve": {},
    "postProcess": true
  }
}