{"title":"CodeCleaning","markdown":{"yaml":{"title":"CodeCleaning","author":"Emily Kratsch"},"headingText":"Plot","containsRefs":false,"markdown":"\n\n```{r}\nsetwd(\"~/perso/tmp/project/penguins\")\n\ndata <- read.csv(\"https://raw.githubusercontent.com/holtzy/R-graph-gallery/master/DATA/data_2.csv\")\n\nsummary(data)\n\nprint(round(mean(subset(na.omit(data), species == \"Adelie\" & island == \"Torgersen\")$bill_length_mm), 2))\nprint(round(mean(subset(na.omit(data), species == \"Adelie\" & island == \"Biscoe\")$bill_length_mm), 2))\nprint(round(mean(subset(na.omit(data), species == \"Adelie\" & island == \"Dream\")$bill_length_mm), 2))\n\n\npenguins_clean <- na.omit(data)\nplot(penguins_clean$bill_length_mm, penguins_clean$bill_depth_mm, type = \"n\", xlab = \"Bill Length (mm)\", ylab = \"Bill Depth (mm)\", main = \"Penguin Bill Dimensions\")\npoints(\n  penguins_clean$bill_length_mm[penguins_clean$species == \"Adelie\"], penguins_clean$bill_depth_mm[penguins_clean$species == \"Adelie\"],\n  col = \"red\", pch = 16\n)\npoints(penguins_clean$bill_length_mm[penguins_clean$species == \"Chinstrap\"], penguins_clean$bill_depth_mm[penguins_clean$species == \"Chinstrap\"], col = \"green\", pch = 17)\npoints(penguins_clean$bill_length_mm[penguins_clean$species == \"Gentoo\"],\n  penguins_clean$bill_depth_mm[penguins_clean$species == \"Gentoo\"],\n  col = \"blue\", pch = 18\n)\nlegend(\"topright\",\n  legend = unique(penguins_clean$species),\n  col = c(\n    \"red\",\n    \"green\",\n    \"blue\"\n  ), pch = c(16, 17, 18)\n)\n```\n\n```{r}\ndir.create(\"~/perso/tmp/project/penguins\", recursive = TRUE)\n\n```\n\n```{r}\nlibrary(tidyverse)\n\n```\n\n```{r}\nlibrary(tidyverse)\n\ndata %>%\n  filter(!is.na(bill_length_mm), species == \"Adelie\") %>%\n  summarise(mean_bill_length = mean(bill_length_mm)) %>%\n  pull(mean_bill_length) %>%\n  round(2)\n```\n\n```{r}\n# clean_data <- data %>%\n#   rename(ID = 1, Name = 2, Age = 3) %>%\n#   mutate(Age = ifelse(Age < 0, NA, Age)) %>%\n#   drop_na() %>%\n#   mutate(Age = as.integer(Age)) %>%\n#   select(-Name)\n\n\n```\n\n1.  clean_data \\<- data %\\>% This initializes a new object clean_data that will store the modified version of the data object. The original data is passed into the next function using the pipe (%\\>%) operator.\n\n2.  rename(ID = 1, Name = 2, Age = 3) rename() is a function from the dplyr package, used to rename columns in a data frame. ID = 1: Renames the first column (previously unnamed or numbered) to ID. Name = 2: Renames the second column to Name. Age = 3: Renames the third column to Age. After this step, the data frame will have three columns with the names: ID, Name, and Age.\n\n3.  mutate(Age = ifelse(Age \\< 0, NA, Age)) mutate() is used to create or modify columns in the data frame. The column Age is updated using the ifelse() function. ifelse(Age \\< 0, NA, Age): This checks if the values in the Age column are less than 0. If TRUE, those values are replaced with NA (missing value). Otherwise, the Age value remains unchanged. In this step, any negative values in the Age column are converted to NA.\n\n4.  drop_na() This function removes any rows in the data frame that contain NA values in any column. After this step, all rows with missing values (i.e., NA) are removed from the data frame.\n\n5.  mutate(Age = as.integer(Age)) This step again uses mutate() to modify the Age column. as.integer(Age): Converts the Age column to integer type. If the column Age was of another data type (e.g., numeric with decimals), it will now be converted to integer (whole numbers).\n\n6.  select(-Name) The select() function is used to choose which columns to keep or drop from the data frame. -Name: This drops the column Name from the data frame. After this step, the column Name will no longer be part of clean_data, leaving only the ID and Age columns.\n\n```{r}\n# Step 2: Define the URL and destination path\nurl <- \"https://raw.githubusercontent.com/holtzy/R-graph-gallery/master/DATA/data_2.csv\"\ndestination <- \"C:/Users/Emily Kratsch/Desktop/R/ComputerLab2/pwf/input/penguins_data.csv\"\n\n# Step 3: Download the CSV file\ndownload.file(url, destfile = destination)\n\n# Step 4: Read the downloaded CSV file\npenguins_data <- read.csv(destination)\n\n# Step 5: (Optional) View the structure of the data\n#str(penguins_data)\n```\n\n```{r}\nlibrary(readxl)\n\n```\n\n```{r}\n# ONLY ONCE: install the package\n#install.packages(\"tidyverse\")\n\n# Load the package (not that it is not part of the core tidyverse!)\nlibrary(readxl)\nlibrary(tidyverse)\n\n# Read a file\ndata <- read_excel(\"C:/Users/Emily Kratsch/Desktop/R/ComputerLab2/pwf/input/data.xlsx\", na = \"-\")\n```\n\n```{r}\ncalc_mean_bill <- function(island_name) {\n  filtered_data <- subset(na.omit(data), species == \"Adelie\" & island == island_name)\n  mean_bill_length <- mean(filtered_data$bill_length_mm)\n  return(round(mean_bill_length, 2))\n}\n\n# Call the function for each island\ncalc_mean_bill(\"Torgersen\")\ncalc_mean_bill(\"Biscoe\")\ncalc_mean_bill(\"Dream\")\n```\n\n```{r}\n\nmultiplication <- function(x) {\n  return(x * 234)\n}\n\nresult <- multiplication(311)\n\nprint(result)\n\nsumme <- function(x, y) {\n  return(x + y)\n}\n\nresult <- summe(3256, 8934)\nprint(result)\n```\n\n```{r}\n# plot function\ncreate_scatterplot <- function(data, selected_species, selected_island) {\n  # Filter the data for the specified species and island\n  filtered_data <- data %>%\n    na.omit() %>%\n    filter(species == selected_species, island == selected_island)\n\n  # Create the scatterplot\n  plot <- ggplot(\n    filtered_data,\n    aes(x = bill_length_mm, y = bill_depth_mm, color = species, shape = species)\n  ) +\n    geom_point() +\n    labs(\n      x = \"Bill Length (mm)\",\n      y = \"Bill Depth (mm)\",\n      title = paste(\"Penguin Bill Dimensions -\", selected_species, \"-\", selected_island)\n    )\n\n  return(plot)\n}\n\n# Use the function\ncreate_scatterplot(data, \"Adelie\", \"Torgersen\")\n```\n\n","srcMarkdownNoYaml":"\n\n```{r}\nsetwd(\"~/perso/tmp/project/penguins\")\n\ndata <- read.csv(\"https://raw.githubusercontent.com/holtzy/R-graph-gallery/master/DATA/data_2.csv\")\n\nsummary(data)\n\nprint(round(mean(subset(na.omit(data), species == \"Adelie\" & island == \"Torgersen\")$bill_length_mm), 2))\nprint(round(mean(subset(na.omit(data), species == \"Adelie\" & island == \"Biscoe\")$bill_length_mm), 2))\nprint(round(mean(subset(na.omit(data), species == \"Adelie\" & island == \"Dream\")$bill_length_mm), 2))\n\n\n# Plot\npenguins_clean <- na.omit(data)\nplot(penguins_clean$bill_length_mm, penguins_clean$bill_depth_mm, type = \"n\", xlab = \"Bill Length (mm)\", ylab = \"Bill Depth (mm)\", main = \"Penguin Bill Dimensions\")\npoints(\n  penguins_clean$bill_length_mm[penguins_clean$species == \"Adelie\"], penguins_clean$bill_depth_mm[penguins_clean$species == \"Adelie\"],\n  col = \"red\", pch = 16\n)\npoints(penguins_clean$bill_length_mm[penguins_clean$species == \"Chinstrap\"], penguins_clean$bill_depth_mm[penguins_clean$species == \"Chinstrap\"], col = \"green\", pch = 17)\npoints(penguins_clean$bill_length_mm[penguins_clean$species == \"Gentoo\"],\n  penguins_clean$bill_depth_mm[penguins_clean$species == \"Gentoo\"],\n  col = \"blue\", pch = 18\n)\nlegend(\"topright\",\n  legend = unique(penguins_clean$species),\n  col = c(\n    \"red\",\n    \"green\",\n    \"blue\"\n  ), pch = c(16, 17, 18)\n)\n```\n\n```{r}\ndir.create(\"~/perso/tmp/project/penguins\", recursive = TRUE)\n\n```\n\n```{r}\nlibrary(tidyverse)\n\n```\n\n```{r}\nlibrary(tidyverse)\n\ndata %>%\n  filter(!is.na(bill_length_mm), species == \"Adelie\") %>%\n  summarise(mean_bill_length = mean(bill_length_mm)) %>%\n  pull(mean_bill_length) %>%\n  round(2)\n```\n\n```{r}\n# clean_data <- data %>%\n#   rename(ID = 1, Name = 2, Age = 3) %>%\n#   mutate(Age = ifelse(Age < 0, NA, Age)) %>%\n#   drop_na() %>%\n#   mutate(Age = as.integer(Age)) %>%\n#   select(-Name)\n\n\n```\n\n1.  clean_data \\<- data %\\>% This initializes a new object clean_data that will store the modified version of the data object. The original data is passed into the next function using the pipe (%\\>%) operator.\n\n2.  rename(ID = 1, Name = 2, Age = 3) rename() is a function from the dplyr package, used to rename columns in a data frame. ID = 1: Renames the first column (previously unnamed or numbered) to ID. Name = 2: Renames the second column to Name. Age = 3: Renames the third column to Age. After this step, the data frame will have three columns with the names: ID, Name, and Age.\n\n3.  mutate(Age = ifelse(Age \\< 0, NA, Age)) mutate() is used to create or modify columns in the data frame. The column Age is updated using the ifelse() function. ifelse(Age \\< 0, NA, Age): This checks if the values in the Age column are less than 0. If TRUE, those values are replaced with NA (missing value). Otherwise, the Age value remains unchanged. In this step, any negative values in the Age column are converted to NA.\n\n4.  drop_na() This function removes any rows in the data frame that contain NA values in any column. After this step, all rows with missing values (i.e., NA) are removed from the data frame.\n\n5.  mutate(Age = as.integer(Age)) This step again uses mutate() to modify the Age column. as.integer(Age): Converts the Age column to integer type. If the column Age was of another data type (e.g., numeric with decimals), it will now be converted to integer (whole numbers).\n\n6.  select(-Name) The select() function is used to choose which columns to keep or drop from the data frame. -Name: This drops the column Name from the data frame. After this step, the column Name will no longer be part of clean_data, leaving only the ID and Age columns.\n\n```{r}\n# Step 2: Define the URL and destination path\nurl <- \"https://raw.githubusercontent.com/holtzy/R-graph-gallery/master/DATA/data_2.csv\"\ndestination <- \"C:/Users/Emily Kratsch/Desktop/R/ComputerLab2/pwf/input/penguins_data.csv\"\n\n# Step 3: Download the CSV file\ndownload.file(url, destfile = destination)\n\n# Step 4: Read the downloaded CSV file\npenguins_data <- read.csv(destination)\n\n# Step 5: (Optional) View the structure of the data\n#str(penguins_data)\n```\n\n```{r}\nlibrary(readxl)\n\n```\n\n```{r}\n# ONLY ONCE: install the package\n#install.packages(\"tidyverse\")\n\n# Load the package (not that it is not part of the core tidyverse!)\nlibrary(readxl)\nlibrary(tidyverse)\n\n# Read a file\ndata <- read_excel(\"C:/Users/Emily Kratsch/Desktop/R/ComputerLab2/pwf/input/data.xlsx\", na = \"-\")\n```\n\n```{r}\ncalc_mean_bill <- function(island_name) {\n  filtered_data <- subset(na.omit(data), species == \"Adelie\" & island == island_name)\n  mean_bill_length <- mean(filtered_data$bill_length_mm)\n  return(round(mean_bill_length, 2))\n}\n\n# Call the function for each island\ncalc_mean_bill(\"Torgersen\")\ncalc_mean_bill(\"Biscoe\")\ncalc_mean_bill(\"Dream\")\n```\n\n```{r}\n\nmultiplication <- function(x) {\n  return(x * 234)\n}\n\nresult <- multiplication(311)\n\nprint(result)\n\nsumme <- function(x, y) {\n  return(x + y)\n}\n\nresult <- summe(3256, 8934)\nprint(result)\n```\n\n```{r}\n# plot function\ncreate_scatterplot <- function(data, selected_species, selected_island) {\n  # Filter the data for the specified species and island\n  filtered_data <- data %>%\n    na.omit() %>%\n    filter(species == selected_species, island == selected_island)\n\n  # Create the scatterplot\n  plot <- ggplot(\n    filtered_data,\n    aes(x = bill_length_mm, y = bill_depth_mm, color = species, shape = species)\n  ) +\n    geom_point() +\n    labs(\n      x = \"Bill Length (mm)\",\n      y = \"Bill Depth (mm)\",\n      title = paste(\"Penguin Bill Dimensions -\", selected_species, \"-\", selected_island)\n    )\n\n  return(plot)\n}\n\n# Use the function\ncreate_scatterplot(data, \"Adelie\", \"Torgersen\")\n```\n\n"},"formats":{"html":{"identifier":{"display-name":"HTML","target-format":"html","base-format":"html"},"execute":{"fig-width":7,"fig-height":5,"fig-format":"retina","fig-dpi":96,"df-print":"default","error":false,"eval":true,"cache":null,"freeze":false,"echo":true,"output":true,"warning":true,"include":true,"keep-md":false,"keep-ipynb":false,"ipynb":null,"enabled":null,"daemon":null,"daemon-restart":false,"debug":false,"ipynb-filters":[],"ipynb-shell-interactivity":null,"plotly-connected":true,"engine":"knitr"},"render":{"keep-tex":false,"keep-typ":false,"keep-source":false,"keep-hidden":false,"prefer-html":false,"output-divs":true,"output-ext":"html","fig-align":"default","fig-pos":null,"fig-env":null,"code-fold":"none","code-overflow":"scroll","code-link":false,"code-line-numbers":false,"code-tools":false,"tbl-colwidths":"auto","merge-includes":true,"inline-includes":false,"preserve-yaml":false,"latex-auto-mk":true,"latex-auto-install":true,"latex-clean":true,"latex-min-runs":1,"latex-max-runs":10,"latex-makeindex":"makeindex","latex-makeindex-opts":[],"latex-tlmgr-opts":[],"latex-input-paths":[],"latex-output-dir":null,"link-external-icon":false,"link-external-newwindow":false,"self-contained-math":false,"format-resources":[],"notebook-links":true},"pandoc":{"standalone":true,"wrap":"none","default-image-extension":"png","to":"html","css":["../../styles.css"],"toc":true,"output-file":"CodeCleaning.html"},"language":{"toc-title-document":"Table of contents","toc-title-website":"On this page","related-formats-title":"Other Formats","related-notebooks-title":"Notebooks","source-notebooks-prefix":"Source","other-links-title":"Other Links","code-links-title":"Code Links","launch-dev-container-title":"Launch Dev Container","launch-binder-title":"Launch Binder","article-notebook-label":"Article Notebook","notebook-preview-download":"Download Notebook","notebook-preview-download-src":"Download Source","notebook-preview-back":"Back to Article","manuscript-meca-bundle":"MECA Bundle","section-title-abstract":"Abstract","section-title-appendices":"Appendices","section-title-footnotes":"Footnotes","section-title-references":"References","section-title-reuse":"Reuse","section-title-copyright":"Copyright","section-title-citation":"Citation","appendix-attribution-cite-as":"For attribution, please cite this work as:","appendix-attribution-bibtex":"BibTeX citation:","title-block-author-single":"Author","title-block-author-plural":"Authors","title-block-affiliation-single":"Affiliation","title-block-affiliation-plural":"Affiliations","title-block-published":"Published","title-block-modified":"Modified","title-block-keywords":"Keywords","callout-tip-title":"Tip","callout-note-title":"Note","callout-warning-title":"Warning","callout-important-title":"Important","callout-caution-title":"Caution","code-summary":"Code","code-tools-menu-caption":"Code","code-tools-show-all-code":"Show All Code","code-tools-hide-all-code":"Hide All Code","code-tools-view-source":"View Source","code-tools-source-code":"Source Code","tools-share":"Share","tools-download":"Download","code-line":"Line","code-lines":"Lines","copy-button-tooltip":"Copy to Clipboard","copy-button-tooltip-success":"Copied!","repo-action-links-edit":"Edit this page","repo-action-links-source":"View source","repo-action-links-issue":"Report an issue","back-to-top":"Back to top","search-no-results-text":"No results","search-matching-documents-text":"matching documents","search-copy-link-title":"Copy link to search","search-hide-matches-text":"Hide additional matches","search-more-match-text":"more match in this document","search-more-matches-text":"more matches in this document","search-clear-button-title":"Clear","search-text-placeholder":"","search-detached-cancel-button-title":"Cancel","search-submit-button-title":"Submit","search-label":"Search","toggle-section":"Toggle section","toggle-sidebar":"Toggle sidebar navigation","toggle-dark-mode":"Toggle dark mode","toggle-reader-mode":"Toggle reader mode","toggle-navigation":"Toggle navigation","crossref-fig-title":"Figure","crossref-tbl-title":"Table","crossref-lst-title":"Listing","crossref-thm-title":"Theorem","crossref-lem-title":"Lemma","crossref-cor-title":"Corollary","crossref-prp-title":"Proposition","crossref-cnj-title":"Conjecture","crossref-def-title":"Definition","crossref-exm-title":"Example","crossref-exr-title":"Exercise","crossref-ch-prefix":"Chapter","crossref-apx-prefix":"Appendix","crossref-sec-prefix":"Section","crossref-eq-prefix":"Equation","crossref-lof-title":"List of Figures","crossref-lot-title":"List of Tables","crossref-lol-title":"List of Listings","environment-proof-title":"Proof","environment-remark-title":"Remark","environment-solution-title":"Solution","listing-page-order-by":"Order By","listing-page-order-by-default":"Default","listing-page-order-by-date-asc":"Oldest","listing-page-order-by-date-desc":"Newest","listing-page-order-by-number-desc":"High to Low","listing-page-order-by-number-asc":"Low to High","listing-page-field-date":"Date","listing-page-field-title":"Title","listing-page-field-description":"Description","listing-page-field-author":"Author","listing-page-field-filename":"File Name","listing-page-field-filemodified":"Modified","listing-page-field-subtitle":"Subtitle","listing-page-field-readingtime":"Reading Time","listing-page-field-wordcount":"Word Count","listing-page-field-categories":"Categories","listing-page-minutes-compact":"{0} min","listing-page-category-all":"All","listing-page-no-matches":"No matching items","listing-page-words":"{0} words"},"metadata":{"lang":"en","fig-responsive":true,"quarto-version":"1.4.553","editor":"visual","theme":"cosmo","template-partials":["../../title-block.html"],"title":"CodeCleaning","author":"Emily Kratsch"},"extensions":{"book":{"multiFile":true}}}},"projectFormats":["html"]}