{"title":"28. Fachtagung im Kloster Irsee","markdown":{"yaml":{"title":" 28. Fachtagung im Kloster Irsee","subtitle":"A Quarto tip a day keeps the error message away","description":"Computer-Lab 2024","author":{"name":"Emily","affiliation":"Friedrich-Alexander-University (FAU) Erlangen-Nuremberg","email":"emily@aol.com"},"format":{"html":{"css":"styles.css","toc":true,"title-block-banner":true,"title-block-banner-color":"white"}},"editor":"visual"},"headingText":"Willkommen","containsRefs":false,"markdown":"\n\n<header id=\"title-block-header\" style=\"position: relative\">\n\n<!-- This is the div in which the particles will be included -->\n\n::: {#particles-js}\n:::\n\n<!-- Load Particle.js script -->\n\n```{=html}\n<script src=\"https://cdnjs.cloudflare.com/ajax/libs/particles.js/2.0.0/particles.min.js\"></script>\n```\n<!-- Initialize particles directly with configuration -->\n\n```{=html}\n<script>\n    particlesJS(\"particles-js\", {\n      particles: {\n        number: { value: 80, density: { enable: true, value_area: 800 } },\n        color: { value: \"#888888\" },\n        shape: { type: \"circle\", stroke: { width: 0, color: \"#000000\" } },\n        opacity: { value: 0.5, anim: { enable: false, speed: 1, opacity_min: 0.1, sync: false } },\n        size: { value: 5, random: true, anim: { enable: false, speed: 40, size_min: 0.1, sync: false } },\n        line_linked: { enable: true, distance: 150, color: \"#888888\", opacity: 0.4, width: 1 },\n        move: { enable: true, speed: 3, direction: \"none\", out_mode: \"out\", attract: { enable: false } }\n      },\n      interactivity: {\n        detect_on: \"canvas\",\n        events: {\n          onhover: { enable: true, mode: \"repulse\" },\n          onclick: { enable: true, mode: \"push\" },\n          resize: true\n        },\n        modes: {\n          grab: { distance: 400, line_linked: { opacity: 1 } },\n          bubble: { distance: 400, size: 40, duration: 2, opacity: 8, speed: 3 },\n          repulse: { distance: 200 },\n          push: { particles_nb: 4 },\n          remove: { particles_nb: 2 }\n        }\n      },\n      retina_detect: true\n    });\n  </script>\n```\n</header>\n\n\nIn diesem Workshop werden Sie lernen, Hilfsmittel wie Quarto, Projects, Github und ChatGPT in maximalem Maße zu nutzen, um Ihre Forschung zu unterstützen.\n\nManche Tools können Ihr Leben 100x einfacher machen 🎉\n\n**Quarto** wandelt Ihren Code in einen beeindruckenden Bericht um. **HTML-Widgets** integrieren darin interaktive Diagramme. **Git** verfolgt alle Ihre Änderungen. **Github** hostet Ihre Arbeit und wandelt sie kostenlos in eine Website um. Der richtige Umgang mit **ChatGPT** automatisiert stundenlange Tipparbeit.\n\n-   Nach diesem Workshop werden Sie Ihre eigene Website haben!\n\n## Was Sie bekommen:\n\n-   den Workshop samt Vortragsfolien\n-   vorgefertigte CSS, HTML und YAML Skripte zum Mitnehmen (sodass Sie Ihre Forschung in Berichten, Vorträgen und Websites digital publizieren können, ohne dies selbst programmieren zu müssen.)\n-   zusätzliche Tipps und Tricks jenseits des Workshoprahmens\n-   Unterstützung bei der Erstellung interaktiver Visualisierungen in Ihrem eigenen Forschungsbereich\n\n## Voraussetzungen:\n\n-   Bereitschaft, R und RStudio auf dem eigenen Gerät zu installieren\n-   Bereitschaft, sich einen Github Account anzulegen\n-   keine Programmierkenntnisse notwendig\n\nLos geht's!\n","srcMarkdownNoYaml":"\n\n<header id=\"title-block-header\" style=\"position: relative\">\n\n<!-- This is the div in which the particles will be included -->\n\n::: {#particles-js}\n:::\n\n<!-- Load Particle.js script -->\n\n```{=html}\n<script src=\"https://cdnjs.cloudflare.com/ajax/libs/particles.js/2.0.0/particles.min.js\"></script>\n```\n<!-- Initialize particles directly with configuration -->\n\n```{=html}\n<script>\n    particlesJS(\"particles-js\", {\n      particles: {\n        number: { value: 80, density: { enable: true, value_area: 800 } },\n        color: { value: \"#888888\" },\n        shape: { type: \"circle\", stroke: { width: 0, color: \"#000000\" } },\n        opacity: { value: 0.5, anim: { enable: false, speed: 1, opacity_min: 0.1, sync: false } },\n        size: { value: 5, random: true, anim: { enable: false, speed: 40, size_min: 0.1, sync: false } },\n        line_linked: { enable: true, distance: 150, color: \"#888888\", opacity: 0.4, width: 1 },\n        move: { enable: true, speed: 3, direction: \"none\", out_mode: \"out\", attract: { enable: false } }\n      },\n      interactivity: {\n        detect_on: \"canvas\",\n        events: {\n          onhover: { enable: true, mode: \"repulse\" },\n          onclick: { enable: true, mode: \"push\" },\n          resize: true\n        },\n        modes: {\n          grab: { distance: 400, line_linked: { opacity: 1 } },\n          bubble: { distance: 400, size: 40, duration: 2, opacity: 8, speed: 3 },\n          repulse: { distance: 200 },\n          push: { particles_nb: 4 },\n          remove: { particles_nb: 2 }\n        }\n      },\n      retina_detect: true\n    });\n  </script>\n```\n</header>\n\n## Willkommen\n\nIn diesem Workshop werden Sie lernen, Hilfsmittel wie Quarto, Projects, Github und ChatGPT in maximalem Maße zu nutzen, um Ihre Forschung zu unterstützen.\n\nManche Tools können Ihr Leben 100x einfacher machen 🎉\n\n**Quarto** wandelt Ihren Code in einen beeindruckenden Bericht um. **HTML-Widgets** integrieren darin interaktive Diagramme. **Git** verfolgt alle Ihre Änderungen. **Github** hostet Ihre Arbeit und wandelt sie kostenlos in eine Website um. Der richtige Umgang mit **ChatGPT** automatisiert stundenlange Tipparbeit.\n\n-   Nach diesem Workshop werden Sie Ihre eigene Website haben!\n\n## Was Sie bekommen:\n\n-   den Workshop samt Vortragsfolien\n-   vorgefertigte CSS, HTML und YAML Skripte zum Mitnehmen (sodass Sie Ihre Forschung in Berichten, Vorträgen und Websites digital publizieren können, ohne dies selbst programmieren zu müssen.)\n-   zusätzliche Tipps und Tricks jenseits des Workshoprahmens\n-   Unterstützung bei der Erstellung interaktiver Visualisierungen in Ihrem eigenen Forschungsbereich\n\n## Voraussetzungen:\n\n-   Bereitschaft, R und RStudio auf dem eigenen Gerät zu installieren\n-   Bereitschaft, sich einen Github Account anzulegen\n-   keine Programmierkenntnisse notwendig\n\nLos geht's!\n"},"formats":{"html":{"identifier":{"display-name":"HTML","target-format":"html","base-format":"html"},"execute":{"fig-width":7,"fig-height":5,"fig-format":"retina","fig-dpi":96,"df-print":"default","error":false,"eval":true,"cache":null,"freeze":false,"echo":true,"output":true,"warning":true,"include":true,"keep-md":false,"keep-ipynb":false,"ipynb":null,"enabled":null,"daemon":null,"daemon-restart":false,"debug":false,"ipynb-filters":[],"ipynb-shell-interactivity":null,"plotly-connected":true,"engine":"markdown"},"render":{"keep-tex":false,"keep-typ":false,"keep-source":false,"keep-hidden":false,"prefer-html":false,"output-divs":true,"output-ext":"html","fig-align":"default","fig-pos":null,"fig-env":null,"code-fold":"none","code-overflow":"scroll","code-link":false,"code-line-numbers":false,"code-tools":false,"tbl-colwidths":"auto","merge-includes":true,"inline-includes":false,"preserve-yaml":false,"latex-auto-mk":true,"latex-auto-install":true,"latex-clean":true,"latex-min-runs":1,"latex-max-runs":10,"latex-makeindex":"makeindex","latex-makeindex-opts":[],"latex-tlmgr-opts":[],"latex-input-paths":[],"latex-output-dir":null,"link-external-icon":false,"link-external-newwindow":false,"self-contained-math":false,"format-resources":[],"notebook-links":true},"pandoc":{"standalone":true,"wrap":"none","default-image-extension":"png","to":"html","css":["styles.css"],"toc":true,"output-file":"index.html"},"language":{"toc-title-document":"Table of contents","toc-title-website":"On this page","related-formats-title":"Other Formats","related-notebooks-title":"Notebooks","source-notebooks-prefix":"Source","other-links-title":"Other Links","code-links-title":"Code Links","launch-dev-container-title":"Launch Dev Container","launch-binder-title":"Launch Binder","article-notebook-label":"Article Notebook","notebook-preview-download":"Download Notebook","notebook-preview-download-src":"Download Source","notebook-preview-back":"Back to Article","manuscript-meca-bundle":"MECA Bundle","section-title-abstract":"Abstract","section-title-appendices":"Appendices","section-title-footnotes":"Footnotes","section-title-references":"References","section-title-reuse":"Reuse","section-title-copyright":"Copyright","section-title-citation":"Citation","appendix-attribution-cite-as":"For attribution, please cite this work as:","appendix-attribution-bibtex":"BibTeX citation:","title-block-author-single":"Author","title-block-author-plural":"Authors","title-block-affiliation-single":"Affiliation","title-block-affiliation-plural":"Affiliations","title-block-published":"Published","title-block-modified":"Modified","title-block-keywords":"Keywords","callout-tip-title":"Tip","callout-note-title":"Note","callout-warning-title":"Warning","callout-important-title":"Important","callout-caution-title":"Caution","code-summary":"Code","code-tools-menu-caption":"Code","code-tools-show-all-code":"Show All Code","code-tools-hide-all-code":"Hide All Code","code-tools-view-source":"View Source","code-tools-source-code":"Source Code","tools-share":"Share","tools-download":"Download","code-line":"Line","code-lines":"Lines","copy-button-tooltip":"Copy to Clipboard","copy-button-tooltip-success":"Copied!","repo-action-links-edit":"Edit this page","repo-action-links-source":"View source","repo-action-links-issue":"Report an issue","back-to-top":"Back to top","search-no-results-text":"No results","search-matching-documents-text":"matching documents","search-copy-link-title":"Copy link to search","search-hide-matches-text":"Hide additional matches","search-more-match-text":"more match in this document","search-more-matches-text":"more matches in this document","search-clear-button-title":"Clear","search-text-placeholder":"","search-detached-cancel-button-title":"Cancel","search-submit-button-title":"Submit","search-label":"Search","toggle-section":"Toggle section","toggle-sidebar":"Toggle sidebar navigation","toggle-dark-mode":"Toggle dark mode","toggle-reader-mode":"Toggle reader mode","toggle-navigation":"Toggle navigation","crossref-fig-title":"Figure","crossref-tbl-title":"Table","crossref-lst-title":"Listing","crossref-thm-title":"Theorem","crossref-lem-title":"Lemma","crossref-cor-title":"Corollary","crossref-prp-title":"Proposition","crossref-cnj-title":"Conjecture","crossref-def-title":"Definition","crossref-exm-title":"Example","crossref-exr-title":"Exercise","crossref-ch-prefix":"Chapter","crossref-apx-prefix":"Appendix","crossref-sec-prefix":"Section","crossref-eq-prefix":"Equation","crossref-lof-title":"List of Figures","crossref-lot-title":"List of Tables","crossref-lol-title":"List of Listings","environment-proof-title":"Proof","environment-remark-title":"Remark","environment-solution-title":"Solution","listing-page-order-by":"Order By","listing-page-order-by-default":"Default","listing-page-order-by-date-asc":"Oldest","listing-page-order-by-date-desc":"Newest","listing-page-order-by-number-desc":"High to Low","listing-page-order-by-number-asc":"Low to High","listing-page-field-date":"Date","listing-page-field-title":"Title","listing-page-field-description":"Description","listing-page-field-author":"Author","listing-page-field-filename":"File Name","listing-page-field-filemodified":"Modified","listing-page-field-subtitle":"Subtitle","listing-page-field-readingtime":"Reading Time","listing-page-field-wordcount":"Word Count","listing-page-field-categories":"Categories","listing-page-minutes-compact":"{0} min","listing-page-category-all":"All","listing-page-no-matches":"No matching items","listing-page-words":"{0} words"},"metadata":{"lang":"en","fig-responsive":true,"quarto-version":"1.4.553","editor":"visual","theme":"cosmo","template-partials":["title-block.html"],"title":" 28. Fachtagung im Kloster Irsee","subtitle":"A Quarto tip a day keeps the error message away","description":"Computer-Lab 2024","author":{"name":"Emily","affiliation":"Friedrich-Alexander-University (FAU) Erlangen-Nuremberg","email":"emily@aol.com"},"title-block-banner":true,"title-block-banner-color":"white"},"extensions":{"book":{"multiFile":true}}}},"projectFormats":["html"]}